Date,daily_cases,MA7
2025-05-01,6380.0,6683.0
2025-05-02,6635.0,6971.2
2025-05-03,7082.0,7659.666666666667
2025-05-04,6635.0,8142.285714285715
2025-05-05,8124.0,8859.285714285714
2025-05-06,11102.0,9530.857142857143
2025-05-07,11038.0,9695.0
2025-05-08,11399.0,9898.57142857143
2025-05-09,11336.0,10472.857142857143
2025-05-10,8231.0,10636.857142857143
2025-05-11,8060.0,10813.0
2025-05-12,12144.0,11119.857142857143
2025-05-13,12250.0,11642.42857142857
2025-05-14,12271.0,12168.0
2025-05-15,13547.0,12781.714285714286
2025-05-16,14994.0,13766.0
2025-05-17,11910.0,14868.857142857143
2025-05-18,12356.0,16154.0
2025-05-19,19034.0,17354.14285714286
2025-05-20,19970.0,18381.0
2025-05-21,21267.0,18900.571428571428
2025-05-22,21948.0,19289.571428571428
2025-05-23,22182.0,19818.285714285714
2025-05-24,15547.0,20091.714285714286
2025-05-25,15079.0,20113.0
2025-05-26,22735.0,19757.571428571428
2025-05-27,21884.0,19563.14285714286
2025-05-28,21416.0,19317.0
2025-05-29,19460.0,18935.0
2025-05-30,20821.0,17512.571428571428
2025-05-31,13824.0,17059.714285714286
2025-06-01,12405.0,16483.285714285714
2025-06-02,12778.0,16163.42857142857
2025-06-03,18714.0,15644.142857142857
2025-06-04,17381.0,15398.285714285714
2025-06-05,17221.0,15121.57142857143
2025-06-06,17186.0,15428.857142857143
2025-06-07,12103.0,14616.42857142857
2025-06-08,10468.0,13839.57142857143
2025-06-09,14929.0,13057.57142857143
2025-06-10,13027.0,12341.57142857143
2025-06-11,11943.0,11823.57142857143
2025-06-12,11747.0,11445.285714285714
2025-06-13,12174.0,10960.285714285714
2025-06-14,8477.0,10645.42857142857
2025-06-15,7820.0,10427.142857142857
2025-06-16,11534.0,10208.857142857143
2025-06-17,10823.0,9957.57142857143
2025-06-18,10415.0,9774.857142857143
2025-06-19,10219.0,9647.857142857143
2025-06-20,10415.0,9378.714285714286
2025-06-21,7198.0,9152.857142857143
2025-06-22,6931.0,8924.285714285714
2025-06-23,9650.0,8718.57142857143
2025-06-24,9242.0,8500.142857142857
2025-06-25,8815.0,8360.42857142857
2025-06-26,8779.0,8258.857142857143
2025-06-27,8886.0,8238.57142857143
2025-06-28,6220.0,8076.714285714285
2025-06-29,6220.0,7979.714285714285
2025-06-30,9508.0,7915.857142857143
2025-07-01,8109.0,7859.714285714285
2025-07-02,8136.0,7804.571428571428
2025-07-03,8332.0,7753.285714285715
2025-07-04,8493.0,7635.0
2025-07-05,5834.0,7603.142857142857
2025-07-06,5861.0,7563.571428571428
2025-07-07,8680.0,7431.0
2025-07-08,7886.0,7395.285714285715
2025-07-09,7859.0,7409.285714285715
2025-07-10,7404.0,7382.571428571428
2025-07-11,8243.0,7373.714285714285
2025-07-12,5932.0,7386.428571428572
2025-07-13,5674.0,7422.142857142857
2025-07-14,8618.0,7531.857142857143
2025-07-15,7975.0,7431.142857142857
2025-07-16,8109.0,7473.285714285715
2025-07-17,8172.0,7421.0
2025-07-18,7538.0,7148.285714285715
2025-07-19,6227.0,7263.0
2025-07-20,5308.0,7186.571428571428
2025-07-21,6709.0,7089.714285714285
2025-07-22,8778.0,7078.285714285715
2025-07-23,7574.0,6985.285714285715
2025-07-24,7494.0,6985.285714285715
2025-07-25,7458.0,7154.714285714285
2025-07-26,5576.0,6950.857142857143
2025-07-27,5308.0,6866.714285714285
2025-07-28,7895.0,6803.0
2025-07-29,7351.0,6756.714285714285
2025-07-30,6985.0,6690.857142857143
2025-07-31,7048.0,6673.428571428572
2025-08-01,7134.0,6257.285714285715
2025-08-02,5115.0,6601.285714285715
2025-08-03,5186.0,6611.142857142857
2025-08-04,4982.0,6528.142857142857
2025-08-05,9759.0,6502.714285714285
2025-08-06,7054.0,6481.142857142857
2025-08-07,6467.0,6415.142857142857
2025-08-08,6956.0,6701.0
2025-08-09,4964.0,6216.714285714285
2025-08-10,4724.0,6099.857142857143
2025-08-11,6983.0,6026.142857142857
2025-08-12,6369.0,5920.714285714285
2025-08-13,6236.0,5817.714285714285
2025-08-14,5951.0,5759.142857142857
2025-08-15,6218.0,5649.857142857143
2025-08-16,4243.0,5525.428571428572
2025-08-17,4314.0,5400.857142857143
2025-08-18,6218.0,5281.428571428572
2025-08-19,5498.0,5141.714285714285
2025-08-20,5364.0,5037.571428571428
2025-08-21,5115.0,4924.571428571428
2025-08-22,5240.0,4767.0
2025-08-23,3514.0,4610.571428571428
2025-08-24,3523.0,4460.571428571428
2025-08-25,5115.0,4304.285714285715
2025-08-26,4403.0,4146.714285714285
2025-08-27,4314.0,4048.8571428571427
2025-08-28,4021.0,3928.1428571428573
2025-08-29,4137.0,3745.714285714286
2025-08-30,2829.0,3615.285714285714
2025-08-31,2678.0,3468.5714285714284
2025-09-01,3838.0,3379.5714285714284
2025-09-02,3490.0,3256.714285714286
2025-09-03,3287.0,3170.8571428571427
2025-09-04,3398.0,3092.4285714285716
2025-09-05,3277.0,3020.8571428571427
2025-09-06,2228.0,2940.714285714286
2025-09-07,2129.0,2857.0
2025-09-08,3337.0,2775.1428571428573
2025-09-09,2929.0,2703.0
2025-09-10,2701.0,2655.285714285714
2025-09-11,2825.0,2589.285714285714
2025-09-12,2772.0,2486.714285714286
2025-09-13,1894.0,2392.714285714286
2025-09-14,1667.0,2314.5714285714284
2025-09-15,2619.0,2198.8571428571427
2025-09-16,2271.0,2082.1428571428573
2025-09-17,2154.0,2009.142857142857
2025-09-18,2015.0,1952.2857142857142
2025-09-19,1955.0,1866.0
2025-09-20,1383.0,1789.857142857143
2025-09-21,1269.0,1706.0
2025-09-22,2015.0,1643.0
2025-09-23,1738.0,1584.5714285714287
2025-09-24,1567.0,1521.0
2025-09-25,1574.0,1535.7142857142858
2025-09-26,1546.0,1431.7142857142858
2025-09-27,938.0,1389.0
2025-09-28,1372.0,1359.3333333333333
2025-09-29,1287.0,1316.4
2025-09-30,1439.0,1259.0
